Title,Date,Week,Phase,Contest/Event,OS (1.5hr),OS Action,OS Done,DevOps (1.5hr),DevOps Action,DevOps Done,DL/AML (1.25hr),DL/AML Done,ADM (45min),ADM Done,DSA (30min),DSA Done,Interview Prep (30min),Interview Done,Project Task,Project Done,Networking,Networking Done,ALL COMPLETE,Energy (1-10),Key Learning,Blocker,Tomorrow Priority
Day 1 | Feb 07 Sat | W1,2026-02-07,W1,Foundation,,OS: Revise Process Concepts + Draw OS Layer Diagram,Draw complete OS architecture. List all 5 OS services with real examples.,No,DevOps: PROJECT BUILD — Repo + README + Architecture,2hr deep build. Professional README.,No,DL: PCA coding notebook,No,ADM: Week review + cheat sheet,No,REVIEW: Re-solve 5 old problems without hints,No,HTML: Build semantic portfolio page,No,PROJECT: 2hr deep build — repo + README,No,Networking: GitHub profile README live,No,No,,,,
Day 2 | Feb 08 Sun | W1,2026-02-08,W1,Foundation,,OS: Deep Study — Process Lifecycle + Fork/Exec,Code fork/exec/wait in C. Draw PCB state transition diagram.,No,DevOps: System Design Study + Project Push,Push architecture to GitHub.,No,DL: Eigenvalues deep study,No,ADM: Hard problems deep study,No,HARD PRACTICE: Encode/Decode Strings + Longest Consecutive (hard),No,HTML: Accessibility audit practice,No,PROJECT: Push architecture to GitHub,No,Networking: Plan week + apply 2 internships,No,No,,,,
Day 3 | Feb 09 Mon | W1,2026-02-09,W1,Foundation,,OS: Architecture & Services,Read chapter + 30min. Write 5 system call examples. 15min answer writing.,No,DevOps: SDLC Models Comparison,Waterfall vs Agile vs DevOps diagrams.,No,DL: Eigenvalues & Eigenvectors,No,ADM: Truth Tables & Propositions (10 problems),No,Two Sum + Valid Anagram (Easy warmup — master HashMap),No,HTML: Semantic tags + DOCTYPE,No,Project: README template + badges,No,Networking: LinkedIn headline update,No,No,,,,
Day 4 | Feb 10 Tue | W1,2026-02-10,W1,Foundation,,OS: System Calls — open/read/write/close,Trace system call flow. Implement file copy using syscalls.,No,DevOps: CI/CD Philosophy & Pipeline Mapping,Map real deployment pipeline.,No,AML: Stationarity & ADF Test,No,ADM: Karnaugh Maps (simplify 5 expressions),No,Contains Duplicate + Group Anagrams (Set + sorted key trick),No,HTML: Forms + input validation,No,Project: Tech stack research doc,No,Networking: Connect 5 ML engineers,No,No,,,,
Day 5 | Feb 11 Wed | W1,2026-02-11,W1,Foundation,,OS: User vs Kernel Mode,Explain mode switch with diagram. Solve 5 MCQs on protection rings.,No,DevOps: Toolchain Setup,"Install Git, Node, VS Code. Dev environment.",No,DL: SVD Decomposition from scratch,No,ADM: Quantifiers & Predicate Logic (translate 10),No,Top K Frequent Elements (Bucket sort O(n) approach),No,HTML: Accessibility + ARIA labels,No,Project: Architecture diagram (draw.io),No,Networking: Setup LeetCode profile,No,No,,,,
Day 6 | Feb 12 Thu | W1,2026-02-12,W1,Foundation,,OS: Process Creation & IPC (Pipes),Implement pipe() inter-process communication. Compare IPC methods.,No,DevOps: Version Control Advanced,Branching strategies. Merge conflict resolution.,No,AML: ACF/PACF Plot Analysis,No,ADM: Logic Circuits (design 3 circuits),No,Product of Array Except Self (Prefix/suffix — no division),No,HTML: Meta tags + SEO basics,No,Project: GitHub Projects board setup,No,Networking: First LinkedIn post,No,No,,,,
Day 7 | Feb 13 Fri | W1,2026-02-13,W1,Foundation,OS Contest 2,OS: Process Scheduling Intro + Week Review,Preview next week scheduling. Solve 3 warm-up problems.,No,DevOps: Pipeline Sketch + Week Review,Draw ideal CI/CD on paper.,No,DL: PCA Implementation NumPy,No,ADM: Logic Mixed Problem Set (exam-style),No,Valid Sudoku + Contest Prep (Row/col/box sets),No,HTML: Week review — 10 HTML questions,No,Project: .gitignore + pre-commit hooks,No,Networking: DM 1 engineer for advice,No,No,,,,
Day 8 | Feb 14 Sat | W2,2026-02-14,W2,Foundation,,OS: Fix Last Week Mistakes + FCFS Practice,Rework errors. Solve 3 FCFS Gantt chart problems from scratch.,No,DevOps: PROJECT BUILD — Dataset + Architecture Doc,2hr deep build.,No,DL: Cross-entropy lab,No,ADM: Week review + cheat sheet,No,REVIEW: Re-solve 5 W1 problems timed,No,CSS: Responsive layout challenge,No,PROJECT: 2hr deep build — dataset + arch,No,Networking: Share blog on LinkedIn,No,No,,,,
Day 9 | Feb 15 Sun | W2,2026-02-15,W2,Foundation,,OS: Deep Study — SRTF Edge Cases,Solve 3 hardest SRTF problems. Context switch counting.,No,DevOps: Mock Interview OR SD Study,Practice or study.,No,DL: Bayesian inference deep dive,No,ADM: Induction deep practice,No,HARD PRACTICE: Min Window Substring + Permutation in String,No,CSS: Flexbox deep practice,No,PROJECT: Push EDA notebook,No,Networking: Apply 2 internships,No,No,,,,
Day 10 | Feb 16 Mon | W2,2026-02-16,W2,Foundation,,OS: FCFS Scheduling,Draw 3 Gantt charts. Calculate TAT & WT for 5-process sets.,No,DevOps: GitHub Actions — First Workflow YAML,on:push → echo hello. Understand triggers.,No,DL: Entropy & Information Theory,No,ADM: Direct Proof (prove 5 statements),No,Valid Palindrome + Two Sum II (Two pointer fundamentals),No,HTML: localStorage + sessionStorage,No,Project: Dataset research (3 candidates),No,Networking: Draft blog (backprop),No,No,,,,
Day 11 | Feb 17 Tue | W2,2026-02-17,W2,Foundation,,OS: SJF Non-Preemptive,Solve 3 SJF problems. Compare with FCFS results.,No,DevOps: GitHub Actions — Runners & Multi-Job,Matrix builds. ubuntu-latest.,No,"AML: ARIMA(p,d,q) Fitting",No,ADM: Proof by Contradiction (sqrt(2) + 4 more),No,3Sum (Sort + skip duplicates + two pointer O(n^2)),No,CSS: Box model calculations,No,Project: EDA: distributions + missing data,No,Networking: Publish on Hashnode,No,No,,,,
Day 12 | Feb 18 Wed | W2,2026-02-18,W2,Foundation,,OS: SRTF (Preemptive SJF),Solve 3 SRTF with staggered arrivals. Track preemptions.,No,DevOps: GitHub Actions — Secrets & Env Vars,Store API key. Use in workflow.,No,DL: KL Divergence derivation,No,ADM: Proof by Contrapositive (5 proofs),No,Container With Most Water (Greedy two pointer proof),No,CSS: Flexbox — 5 layout exercises,No,Project: EDA: correlations + features,No,Networking: Comment on 5 ML posts,No,No,,,,
Day 13 | Feb 19 Thu | W2,2026-02-19,W2,Foundation,,"OS: Round Robin (TQ=2,3,4)",Solve RR with 3 different time quanta. Analyze TQ impact.,No,DevOps: GitHub Actions — Build + Test Pipeline,npm test in workflow. Fail on failure.,No,AML: AIC/BIC Model Selection,No,ADM: Mathematical Induction (5 sum formulas),No,Best Time Buy/Sell + Longest Substring No Repeat (Sliding window),No,CSS: Flexbox advanced patterns,No,Project: Model architecture doc,No,Networking: DM 1 senior engineer,No,No,,,,
Day 14 | Feb 20 Fri | W2,2026-02-20,W2,Foundation,,OS: Priority Scheduling + Contest Prep,Solve priority problems. Formula sheet. Past paper warm-up.,No,DevOps: GitHub Actions — Complete CI Workflow,Lint → Test → Build complete.,No,DL: Probability distributions coding,No,ADM: Mixed Proof Practice (10 proofs timed),No,Longest Repeating Char Replacement (Window + frequency),No,CSS: Responsive design media queries,No,Project: Data pipeline script,No,Networking: Share blog on Twitter,No,No,,,,
Day 15 | Feb 21 Sat | W3,2026-02-21,W3,Foundation,,OS: Fix Contest Errors + RR Advanced,Rework all contest mistakes. Multilevel queue problem.,No,DevOps: PROJECT BUILD — PyTorch Training Script,2hr deep build.,No,DL: Forward pass lab,No,ADM: Week review + cheat sheet,No,REVIEW: Re-solve 5 hardest from W1-W2,No,CSS: Clone Stripe landing page,No,PROJECT: 2hr build — training script,No,Networking: LinkedIn project update,No,No,,,,
Day 16 | Feb 22 Sun | W3,2026-02-22,W3,Foundation,,OS: Deep Study — All 6 Algorithms Comparison,"Same process set, all 6 algos. Build comparison table.",No,DevOps: Mock Interview + Project Push,Practice + push.,No,DL: XOR deep study,No,ADM: Bijection deep practice,No,HARD PRACTICE: Largest Rectangle in Histogram,No,CSS: Animation showcase,No,PROJECT: Push training code,No,Networking: Apply 2 internships,No,No,,,,
Day 17 | Feb 23 Mon | W3,2026-02-23,W3,Foundation,,OS: Semaphores (Binary & Counting),Code binary semaphore. Solve 2 sync problems.,No,DevOps: Linux — 20 Essential Commands,"Permissions, pipes, grep, sed, awk.",No,DL: Perceptron from scratch,No,ADM: Sets & Operations (prove identities),No,Valid Parentheses + Min Stack (Stack basics + O(1) getMin),No,CSS: Grid layout — 3 exercises,No,Project: PyTorch DataLoader,No,Networking: Tweet OS algo thread,No,No,,,,
Day 18 | Feb 24 Tue | W3,2026-02-24,W3,Foundation,,OS: Producer-Consumer Problem,Implement with semaphores. Trace buffer size 3 execution.,No,DevOps: SSH & Remote Access,SSH key gen. SCP files. Remote connect.,No,AML: Linear SVM margin coding,No,ADM: Functions Injection/Surjection (classify 10),No,Evaluate RPN + Generate Parentheses (Stack eval + backtracking),No,CSS: Positioning (rel/abs/fixed/sticky),No,Project: Model class definition,No,Networking: Share classifier demo,No,No,,,,
Day 19 | Feb 25 Wed | W3,2026-02-25,W3,Foundation,,OS: Readers-Writers Problem,Code both variants. Analyze starvation conditions.,No,DevOps: AWS EC2 — First Instance,Launch EC2. Security groups config.,No,DL: Multi-layer net: solve XOR,No,ADM: Bijection & Composition (prove + compute),No,Daily Temperatures (Monotonic stack — next greater pattern),No,CSS: Specificity quiz (20 questions),No,Project: Training loop v1,No,Networking: Post on r/MachineLearning,No,No,,,,
Day 20 | Feb 26 Thu | W3,2026-02-26,W3,Foundation,,OS: Monitors & Condition Variables,Monitor-based solution. Compare with semaphores.,No,DevOps: EC2 + Node Deployment,Deploy Node app manually on EC2.,No,AML: Hard vs Soft Margin (C param),No,ADM: Matrix Operations (5 problems),No,"Car Fleet (Sort by position, merge with stack)",No,CSS: Animations + transitions,No,Project: Logging: loss/acc per epoch,No,Networking: Connect 5 more engineers,No,No,,,,
Day 21 | Feb 27 Fri | W3,2026-02-27,W3,Foundation,ADM Contest 2,OS: Sync Review + ADM Contest Prep,All sync patterns summary. Contest formula sheet.,No,DevOps: PM2 + Environment Variables,Process management. .env files.,No,DL: Activation functions comparison,No,ADM: Contest 2 Prep — mixed drill,No,Stack review + Contest Prep drill,No,CSS: Clone a real website section,No,Project: First successful run!,No,Networking: DM 1 hiring manager,No,No,,,,
Day 22 | Feb 28 Sat | W4,2026-02-28,W4,Midsem Domination,,OS: Fix Contest Errors + Dining Philosophers,Rework errors. Code 3 dining philosopher solutions.,No,DevOps: PROJECT BUILD — MLflow Experiments,2hr deep build.,No,DL: Backprop NumPy lab,No,ADM: Week review + cheat sheet,No,REVIEW: Re-solve 5 hardest from W1-W3,No,JS: Solve 10 interview questions,No,PROJECT: 2hr build — MLflow,No,Networking: Kaggle competition submit,No,No,,,,
Day 23 | Mar 01 Sun | W4,2026-03-01,W4,Midsem Domination,,OS: Deep Study — Bankers Algorithm Hard,Solve 3 Bankers problems. Safety algorithm step-by-step.,No,DevOps: Mock Interview + Project Push,Practice + push.,No,DL: Vanishing gradients deep study,No,ADM: RSA deep practice,No,HARD PRACTICE: Median of Two Sorted Arrays O(log(m+n)),No,JS: Async patterns deep study,No,PROJECT: Push experiments,No,Networking: Apply 2 internships,No,No,,,,
Day 24 | Mar 02 Mon | W4,2026-03-02,W4,Midsem Domination,,OS: Deadlock Conditions & Prevention,Identify 4 conditions in examples. Design prevention.,No,DevOps: Bash — Variables & Conditionals,3 scripts with if/else. Parse args.,No,DL: Chain rule + computational graphs,No,ADM: Groups Definition (verify axioms for 5 sets),No,Binary Search + Search 2D Matrix (Classic + matrix as array),No,JS: Event loop + microtask queue,No,Project: MLflow setup + first exp,No,Networking: Share Streamlit demo,No,No,,,,
Day 25 | Mar 03 Tue | W4,2026-03-03,W4,Midsem Domination,,OS: Bankers Algorithm,Solve 3 safety check problems. Find all safe sequences.,No,DevOps: Bash — Loops & Functions,Reusable functions. Text processing.,No,AML: RBF Kernel derivation,No,ADM: Abelian & Cyclic Groups (generators),No,Koko Eating Bananas (BS on answer — minimize maximum),No,JS: Closures — 5 tricky examples,No,Project: Hyperparameter sweep (lr/batch),No,Networking: Fork 3 open-source repos,No,No,,,,
Day 26 | Mar 04 Wed | W4,2026-03-04,W4,Midsem Domination,,OS: Deadlock Detection (RAG),Solve Resource Allocation Graph problems. Detection algo.,No,DevOps: Bash — Automation Script,"deploy.sh: pull, install, restart. Idempotent.",No,DL: Manual gradient computation,No,ADM: Subgroups & Lagranges Theorem,No,Search in Rotated Sorted Array (Identify sorted half),No,JS: this keyword (all contexts),No,Project: Compare 3+ runs in MLflow,No,Networking: LinkedIn milestone post,No,No,,,,
Day 27 | Mar 05 Thu | W4,2026-03-05,W4,Midsem Domination,,OS: Deadlock Recovery Strategies,Compare all recovery methods. Exam answer writing.,No,DevOps: Bash — Cron Jobs,Scheduled backup. Health check cron.,No,AML: Grid Search for SVM,No,ADM: Rings & Fields (integral domains),No,Find Min in Rotated + Time Key-Value (BS variants),No,JS: async/await + Promise.all,No,Project: Best model save + selection,No,Networking: Engage in 5 discussions,No,No,,,,
Day 28 | Mar 06 Fri | W4,2026-03-06,W4,Midsem Domination,,OS: Sync + Deadlocks Full Review,Comprehensive review. 10-mark answer practice.,No,DevOps: Bash — Best Practices & Error Handling,"set -e, logging, production-grade.",No,DL: Full backprop from scratch,No,ADM: RSA Cryptography (full example + 3 problems),No,BS review + all patterns summary,No,JS: 10 more interview questions,No,Project: Experiment report write-up,No,Networking: Apply 1 more internship,No,No,,,,
Day 29 | Mar 07 Sat | W5,2026-03-07,W5,Midsem Domination,,OS: Fix Errors + Paging Fundamentals,Rework mistakes. Calculate page table sizes for 3 configs.,No,DevOps: PROJECT BUILD — FastAPI Endpoint,2hr deep build.,No,DL: Augmentation pipeline,No,ADM: Week review + cheat sheet,No,REVIEW: Re-solve 5 hardest from W1-W4,No,React: Components practice,No,PROJECT: 2hr build — FastAPI,No,Networking: Open-source PR submitted,No,No,,,,
Day 30 | Mar 08 Sun | W5,2026-03-08,W5,Midsem Domination,,OS: Deep Study — TLB + Multi-Level Paging,Solve TLB hit ratio problems. Multi-level page table math.,No,DevOps: Mock Interview + Project Push,Practice + push.,No,DL: BatchNorm deep study,No,ADM: Complexity deep practice,No,HARD PRACTICE: LRU Cache (DLL + HashMap O(1)),No,React: Build simple app,No,PROJECT: Push API code,No,Networking: Apply 3 internships,No,No,,,,
Day 31 | Mar 09 Mon | W5,2026-03-09,W5,Midsem Domination,,OS: Paging Address Translation,Solve 5 address translation problems. Page offset calculation.,No,DevOps: React + Node Monorepo Setup,Configure build scripts for both.,No,DL: L1/L2 regularization coding,No,ADM: RSA Advanced (5 numerical problems),No,Reverse LL + Merge Two Sorted (Iterative + recursive),No,JS: Prototypes + __proto__ chain,No,Project: FastAPI project structure,No,Networking: Blog CI/CD from scratch,No,No,,,,
Day 32 | Mar 10 Tue | W5,2026-03-10,W5,Midsem Domination,,OS: Page Table Structures,Compare single/multi/inverted. Solve 3 structure problems.,No,DevOps: CI for Full-Stack App,Frontend + backend CI in parallel.,No,AML: K-Means from scratch,No,ADM: Eulers Totient (compute for 10 values),No,Reorder List + Remove Nth From End (Find mid + two pointer gap),No,JS: DOM manipulation — 5 exercises,No,Project: /predict endpoint,No,Networking: Share OS scheduler demo,No,No,,,,
Day 33 | Mar 11 Wed | W5,2026-03-11,W5,Midsem Domination,,OS: FIFO Page Replacement,Solve FIFO with 3 reference strings. Count page faults.,No,DevOps: S3 Static Hosting,Deploy React build to S3.,No,DL: Dropout implementation,No,ADM: Modular Arithmetic (15 problems),No,Copy List Random Pointer (HashMap clone),No,"JS: ES6+ features (destructuring, spread, etc)",No,Project: /health + Swagger docs,No,Networking: DM 2 engineers for advice,No,No,,,,
Day 34 | Mar 12 Thu | W5,2026-03-12,W5,Midsem Domination,,OS: LRU & Optimal Page Replacement,"Same strings, LRU & Optimal. Compare all three algorithms.",No,DevOps: Backend Deploy — EC2 + Nginx,Express API with PM2 + reverse proxy.,No,AML: DBSCAN Implementation,No,ADM: Big-O Notation (classify 10 algorithms),No,Add Two Numbers + Detect Cycle (Carry propagation + Floyd),No,JS: Debounce + Throttle from scratch,No,Project: Pydantic input validation,No,Networking: Engage in 5 tech discussions,No,No,,,,
Day 35 | Mar 13 Fri | W5,2026-03-13,W5,Midsem Domination,,OS: Beladys Anomaly + Working Set,Demonstrate anomaly. Working set calculation.,No,DevOps: SSL + Custom Domain,HTTPS with Lets Encrypt.,No,DL: BatchNorm + LayerNorm code,No,ADM: Theta & Omega (tight + lower bounds),No,Linked List review + Contest Prep,No,React: JSX + Components intro,No,Project: Response time < 200ms,No,Networking: Apply 1 more internship,No,No,,,,
Day 36 | Mar 14 Sat | W6,2026-03-14,W6,Midsem Domination,,OS: Fix Errors + Virtual Memory,Rework errors. EAT problems. Thrashing explanation.,No,DevOps: PROJECT BUILD — Validation + Logging,2hr deep build.,No,DL: Optimizer benchmark,No,ADM: Week review + cheat sheet,No,REVIEW: Re-solve 5 hardest from W1-W5,No,React: Build weather app,No,PROJECT: 2hr build — hardening,No,Networking: Share contribution post,No,No,,,,
Day 37 | Mar 15 Sun | W6,2026-03-15,W6,Midsem Domination,,OS: Deep Study — Disk Scheduling All Algos,Solve FCFS/SSTF/SCAN/C-SCAN. Compare seek times.,No,DevOps: Mock Interview + Project Push,Practice + push.,No,DL: Convergence analysis,No,ADM: Recursion deep practice,No,HARD PRACTICE: Serialize/Deserialize Binary Tree,No,React: Custom hooks practice,No,PROJECT: Push tests + logging,No,Networking: Apply 2 internships,No,No,,,,
Day 38 | Mar 16 Mon | W6,2026-03-16,W6,Midsem Domination,,OS: File Allocation Methods,Compare contiguous/linked/indexed. Solve allocation problems.,No,DevOps: Frontend-Backend Integration,CORS handling. Environment configs.,No,DL: SGD variants comparison,No,ADM: Master Theorem (solve 10 recurrences),No,Invert Tree + Max Depth + Same Tree (DFS recursive basics),No,React: useState + useEffect patterns,No,Project: Structured logging (loguru),No,Networking: Blog Docker + ML deploy,No,No,,,,
Day 39 | Mar 17 Tue | W6,2026-03-17,W6,Midsem Domination,,OS: Directory Structures & DMA,Design directory tree. DMA vs interrupt-driven I/O.,No,DevOps: Automated Testing in CI,Jest + Supertest. Coverage reports.,No,AML: GMM Theory + EM Step,No,ADM: Algorithm Analysis (5 code snippets),No,Subtree Check + Level Order Traversal (BFS with levels),No,React: useRef + useContext,No,Project: Custom error handlers,No,Networking: LinkedIn milestone,No,No,,,,
Day 40 | Mar 18 Wed | W6,2026-03-18,W6,Midsem Domination,,OS: Disk Scheduling Algorithms,Solve 3 sets of disk scheduling problems.,No,DevOps: Deployment Automation Script,One-command deploy. Blue-green concept.,No,DL: Adam optimizer from scratch,No,ADM: Strong Induction (5 proofs),No,Right Side View + Validate BST (Rightmost per level + inorder),No,React: Custom hooks (3 hooks),No,Project: 10+ unit tests (pytest),No,Networking: Comment on 10 posts,No,No,,,,
Day 41 | Mar 19 Thu | W6,2026-03-19,W6,Midsem Domination,,OS: OS Full Revision Sprint,Solve 1 full past paper timed. Self-grade.,No,DevOps: Monitoring Basics — Health Checks,Health endpoint. Uptime monitoring.,No,AML: Hierarchical Clustering,No,ADM: Recursive Definitions (5 problems),No,Kth Smallest BST + Construct from Traversals (Counter + divide),No,React: State management (Context vs Redux),No,Project: Integration test /predict,No,Networking: DM 2 engineers,No,No,,,,
Day 42 | Mar 20 Fri | W6,2026-03-20,W6,Midsem Domination,OS Contest 3,OS: Contest 3 Prep — Memory Focus,Paging + page replacement intensive. Formula sheet.,No,DevOps: Full Deployment Documentation,Document entire process. Diagram.,No,DL: LR Schedulers experiment,No,ADM: Contest 3 Prep — all topics drill,No,Trees review + Contest Prep (formula sheet),No,React: Week review — 10 React Qs,No,Project: Code quality (flake8+black),No,Networking: Contest prep (skip networking),No,No,,,,
Day 43 | Mar 21 Sat | W7,2026-03-21,W7,Midsem Domination,,OS: Fix Contest 3 Errors + Nand2Tetris Start,Rework errors. Jack language basics — 3 programs.,No,DevOps: PROJECT BUILD — Dockerfile + Compose,2hr deep build.,No,DL: CNN coding lab,No,ADM: MIDSEM cheat sheet,No,REVIEW: Re-solve 5 hardest from W1-W6,No,SKIP — MIDSEM FOCUS,No,PROJECT: 2hr build — Docker,No,Networking: HuggingFace demo published,No,No,,,,
Day 44 | Mar 22 Sun | W7,2026-03-22,W7,Midsem Domination,,OS: Deep Study — MIDSEM ALL TOPICS,Full topic revision. 2 past papers timed.,No,DevOps: MIDSEM Study + Project Push,Exam prep priority.,No,DL: MIDSEM full revision,No,ADM: MIDSEM past papers,No,HARD PRACTICE: Alien Dictionary (Topological sort from chars),No,SKIP — MIDSEM FOCUS,No,PROJECT: Push Docker config,No,Networking: Plan post-midsem strategy,No,No,,,,
Day 45 | Mar 23 Mon | W7,2026-03-23,W7,Midsem Domination,,OS: Nand2Tetris Memory.jack,Implement alloc() and deAlloc(). Test.,No,DevOps: Docker — Concepts + Install,Images vs containers vs volumes.,No,DL: Conv2D from scratch,No,ADM: Permutations (10 problems),No,Number of Islands + Clone Graph (DFS flood fill + HashMap clone),No,SKIP — MIDSEM FOCUS,No,Project: Dockerfile multi-stage,No,Networking: Midsem reflection post,No,No,,,,
Day 46 | Mar 24 Tue | W7,2026-03-24,W7,Midsem Domination,,OS: Nand2Tetris Screen.jack,"Implement drawPixel, drawLine, drawRect.",No,DevOps: Docker — Multi-Stage Dockerfile,Write optimized Dockerfile.,No,AML: Bayesian Networks Structure,No,ADM: Combinations + Stars & Bars (10 problems),No,Pacific Atlantic Water Flow (Reverse BFS from oceans),No,SKIP — MIDSEM FOCUS,No,Project: docker-compose API+Postgres,No,Networking: DM 2 engineers,No,No,,,,
Day 47 | Mar 25 Wed | W7,2026-03-25,W7,Midsem Domination,,OS: Nand2Tetris Keyboard.jack,"Implement readChar, readLine, readInt.",No,DevOps: Docker — Compose (API+DB+Cache),docker-compose with 3 services.,No,DL: Feature map visualization,No,ADM: MIDSEM full sprint (2 past papers),No,Course Schedule I & II (Topological sort + cycle detect),No,SKIP — MIDSEM FOCUS,No,Project: Add Redis cache layer,No,Networking: Light engagement only,No,No,,,,
Day 48 | Mar 26 Thu | W7,2026-03-26,W7,Midsem Domination,,OS: MIDSEM Full Revision,Model answers for 10-mark questions. Formula sheet.,No,DevOps: Docker — Networking & Volumes,Named volumes. Custom networks.,No,AML: d-Separation & Independence,No,ADM: MIDSEM proof writing practice,No,Rotting Oranges + Walls and Gates (Multi-source BFS),No,SKIP — MIDSEM FOCUS,No,Project: docker-compose up works!,No,Networking: Pause — exam focus,No,No,,,,
Day 49 | Mar 27 Fri | W7,2026-03-27,W7,Midsem Domination,ADM Contest 3,OS: MIDSEM Final Prep,Quick scan. Confidence rating. Stay calm.,No,DevOps: Docker — Registry Push,Push to Docker Hub. Pull elsewhere.,No,DL: MNIST CNN 98%+ target,No,ADM: MIDSEM formula + confidence check,No,MIDSEM: Graph Valid Tree + Components (Union-Find),No,SKIP — MIDSEM FOCUS,No,Project: Container size < 200MB,No,Networking: Pause — exam focus,No,No,,,,
Day 50 | Mar 28 Sat | W8,2026-03-28,W8,Advanced + Project,,OS: Post-Midsem Analysis + Nand2Tetris,Analyze midsem. Output.jack implementation.,No,DevOps: PROJECT BUILD — CI/CD Pipeline,2hr: lint+test+build+push workflow.,No,DL: ResNet deep lab,No,ADM: Post-midsem analysis,No,REVIEW: Re-solve 5 hardest from W1-W7,No,React: Full CRUD app build,No,PROJECT: 2hr build — CI/CD,No,Networking: Share learnings thread,No,No,,,,
Day 51 | Mar 29 Sun | W8,2026-03-29,W8,Advanced + Project,,OS: Deep Study — Weakest Midsem Topic,Identify + deep-dive weakest area.,No,DevOps: Post-Midsem Recovery + Push,Recover. Push code.,No,DL: Post-midsem recovery,No,ADM: Weak area deep dive,No,HARD PRACTICE: Swim in Rising Water (Dijkstra variant),No,React: Performance patterns,No,PROJECT: Push workflow,No,Networking: Apply 3 internships,No,No,,,,
Day 52 | Mar 30 Mon | W8,2026-03-30,W8,Advanced + Project,,OS: Nand2Tetris String.jack,String operations from scratch.,No,DevOps: AWS ECS — Task Definitions,Create task definition.,No,DL: ResNet skip connections,No,ADM: Recurrence Relations (10 problems),No,Dijkstra Implementation (Min-heap + relaxation),No,React Router — setup + nested routes,No,Project: GitHub Actions lint job,No,Networking: Blog Transformers explained,No,No,,,,
Day 53 | Mar 31 Tue | W8,2026-03-31,W8,Advanced + Project,,OS: Nand2Tetris Math.jack,"Multiply, divide, sqrt with bit manipulation.",No,DevOps: AWS ECS — Service + Load Balancer,Deploy with ALB. Auto-scaling.,No,AML: Variable Elimination,No,ADM: Generating Functions intro,No,Network Delay Time (Single source shortest path),No,React: Custom hooks advanced (useDebounce),No,Project: GitHub Actions test job,No,Networking: Share on tech subreddits,No,No,,,,
Day 54 | Apr 01 Wed | W8,2026-04-01,W8,Advanced + Project,,OS: Nand2Tetris Integration,Connect all modules. First full test.,No,DevOps: CloudFront CDN Setup,Frontend CDN. Cache invalidation.,No,DL: Transfer learning pretrained,No,ADM: Inclusion-Exclusion + Derangements,No,Cheapest Flights K Stops (Modified Bellman-Ford),No,React: memo + useMemo + useCallback,No,Project: Build + push Docker image,No,Networking: Engage 10 discussions,No,No,,,,
Day 55 | Apr 02 Thu | W8,2026-04-02,W8,Advanced + Project,,OS: Nand2Tetris Debug & Polish,Fix all bugs. Clean code.,No,DevOps: Full AWS Architecture,CloudFront → ALB → ECS → RDS.,No,AML: Markov Chains Transitions,No,ADM: Pigeonhole Principle (10 problems),No,MST: Prims + Kruskals (Union-Find),No,React: lazy + Suspense + code splitting,No,Project: CI badge in README,No,Networking: DM 2 new connections,No,No,,,,
Day 56 | Apr 03 Fri | W8,2026-04-03,W8,Advanced + Project,DL Contest 2,OS: Nand2Tetris Complete — Demo Ready,Full test suite. Documentation.,No,DevOps: CI Badge + Branch Protection,README badge. Protected main.,No,DL: CNN architecture comparison,No,ADM: Counting advanced review,No,Advanced graphs review,No,React: Full CRUD app complete,No,Project: Branch protection rules,No,Networking: Apply 1 more internship,No,No,,,,
Day 57 | Apr 04 Sat | W9,2026-04-04,W9,Advanced + Project,,OS: Nand2Tetris Sys.jack + Application,"Init, halt, error functions. Start Pong game.",No,DevOps: PROJECT BUILD — Terraform Infra,2hr deep build.,No,DL: Autoencoder lab,No,ADM: Week review + cheat sheet,No,REVIEW: Re-solve 5 hardest graph problems,No,REST API: Complete build,No,PROJECT: 2hr build — AWS deploy,No,Networking: RAG chatbot demo shared,No,No,,,,
Day 58 | Apr 05 Sun | W9,2026-04-05,W9,Advanced + Project,,OS: Deep Study — Nand2Tetris Full Test,Complete test suite. Debug failures.,No,DevOps: Mock Interview + Project Push,Practice + push.,No,DL: Seq2Seq deep study,No,ADM: Relations deep practice,No,HARD PRACTICE: Word Break (DP + Trie optimization),No,Node: Error patterns study,No,PROJECT: Push Terraform,No,Networking: Apply 3 internships,No,No,,,,
Day 59 | Apr 06 Mon | W9,2026-04-06,W9,Advanced + Project,,OS: Pong Game Implementation,Build game using your OS. Player input.,No,DevOps: Terraform — First .tf File,EC2 in Terraform. Plan + Apply.,No,DL: LSTM from scratch,No,ADM: Equivalence Relations (verify + find classes),No,Climbing Stairs + House Robber (1D DP fundamentals),No,Node.js: Event loop + modules,No,Project: Terraform VPC + subnets,No,Networking: Blog ML on AWS,No,No,,,,
Day 60 | Apr 07 Tue | W9,2026-04-07,W9,Advanced + Project,,OS: Technical Documentation,Architecture doc for OS build. Diagrams.,No,DevOps: Terraform — State & Modules,Remote state. Reusable modules.,No,AML: HMM Forward Algorithm,No,ADM: Partial Orders + Hasse Diagrams,No,Coin Change (Unbounded knapsack — bottom-up),No,Express: Routes + middleware chain,No,Project: Terraform ECS cluster,No,Networking: Contribute to LangChain,No,No,,,,
Day 61 | Apr 08 Wed | W9,2026-04-08,W9,Advanced + Project,,OS: Endsem Prep — Processes,Revise Ch 1-2. 20 MCQs.,No,DevOps: Terraform — Full Infrastructure,VPC + Subnets + SG + EC2 + RDS.,No,DL: GRU implementation,No,ADM: Lattices (LUB/GLB verification),No,Longest Increasing Subsequence (O(n^2) + O(n log n)),No,Express: JWT auth from scratch,No,Project: Deploy — LIVE URL!,No,Networking: LinkedIn deep-dive post,No,No,,,,
Day 62 | Apr 09 Thu | W9,2026-04-09,W9,Advanced + Project,,OS: Endsem Prep — Scheduling,Revise Ch 3. 5 Gantt chart problems.,No,DevOps: HashiCorp Vault — Secrets,Store/retrieve secrets. Dynamic creds.,No,AML: HMM Viterbi Decoding,No,ADM: Relations Mixed (15 problems),No,Decode Ways (String DP — handle leading zeros),No,Express: Error handling patterns,No,Project: Auto-scaling config,No,Networking: DM 2 engineers,No,No,,,,
Day 63 | Apr 10 Fri | W9,2026-04-10,W9,Advanced + Project,AML Contest 2,OS: Endsem Prep — Sync & Deadlocks,Revise Ch 4-5. 3 Bankers problems.,No,DevOps: IaC Best Practices,Remote state backend. Plan review.,No,DL: VAE theory + code,No,"ADM: Graph Theory basics (degree, handshaking)",No,DP-1D review + pattern recognition,No,API: Complete REST API with auth,No,Project: Health check + DNS,No,Networking: Apply 1 more internship,No,No,,,,
Day 64 | Apr 11 Sat | W10,2026-04-11,W10,Advanced + Project,,OS: Endsem — Memory Revision,Revise Ch 6-7. 5 paging problems.,No,DevOps: PROJECT BUILD — Monitoring Setup,2hr: Prometheus + Grafana.,No,DL: Attention coding lab,No,ADM: Week review + cheat sheet,No,REVIEW: Re-solve 5 hardest DP problems,No,SD: Design Instagram,No,PROJECT: 2hr build — monitoring,No,Networking: Diffusion results shared,No,No,,,,
Day 65 | Apr 12 Sun | W10,2026-04-12,W10,Advanced + Project,,OS: Deep Study — Hardest OS Topics,Top 5 hard topics deep dive.,No,DevOps: Mock Interview + Project Push,Practice + push.,No,DL: Transformer encoder build,No,ADM: Graph theory deep practice,No,HARD PRACTICE: Edit Distance (3-operation string DP),No,SD: React Testing practice,No,PROJECT: Push dashboards,No,Networking: Apply 3 internships,No,No,,,,
Day 66 | Apr 13 Mon | W10,2026-04-13,W10,Advanced + Project,,OS: Endsem — File Systems,Revise Ch 8-9. Disk scheduling practice.,No,DevOps: Kubernetes — Concepts,"Pods, ReplicaSets, Deployments. Architecture.",No,DL: Self-attention from scratch,No,ADM: Euler & Hamilton Paths,No,Unique Paths + 0/1 Knapsack (2D grid + classic knapsack),No,SD: URL shortener design,No,Project: Prometheus metrics endpoint,No,Networking: Blog GNN explained,No,No,,,,
Day 67 | Apr 14 Tue | W10,2026-04-14,W10,Advanced + Project,,OS: Endsem Past Paper 1,Full paper timed. Check answers.,No,DevOps: K8s — First Deployment,Deploy on minikube. kubectl basics.,No,AML: Baum-Welch Training,No,ADM: Dijkstras Algorithm (5 problems),No,Longest Common Subsequence (2D table + traceback),No,SD: Chat app architecture,No,Project: Grafana latency dashboard,No,Networking: Contribute to PyG/DGL,No,No,,,,
Day 68 | Apr 15 Wed | W10,2026-04-15,W10,Advanced + Project,,OS: Endsem Past Paper 2,Full paper. Error analysis.,No,DevOps: K8s — Services & Ingress,Expose app. Nginx Ingress.,No,DL: Multi-head attention code,No,ADM: Graph Coloring (chromatic number),No,Target Sum (Convert to subset sum knapsack),No,React Testing: Jest + RTL basics,No,Project: Grafana error rate panel,No,Networking: LinkedIn showcase post,No,No,,,,
Day 69 | Apr 16 Thu | W10,2026-04-16,W10,Advanced + Project,,OS: Endsem Weak Topic Blitz,Top 5 mistakes from papers. Perfect them.,No,DevOps: K8s — ConfigMaps & Secrets,Externalize config.,No,AML: Random Forest Implementation,No,ADM: Planarity + Eulers Formula,No,Partition Equal Subset Sum (Bitset optimization),No,Next.js: SSR + SSG fundamentals,No,Project: Evidently drift detection,No,Networking: DM 3 engineers,No,No,,,,
Day 70 | Apr 17 Fri | W10,2026-04-17,W10,Advanced + Project,,OS: Endsem Past Paper 3,One more full paper. Speed focus.,No,DevOps: K8s — HPA + Rolling Updates,Auto-scaling. Rollback practice.,No,DL: Positional encoding + encoder,No,ADM: Graph Theory mixed (15 problems),No,DP-2D review + comparison sheet,No,SD: 2 systems designed on paper,No,Project: Alert rules + Slack notify,No,Networking: Apply 2 more internships,No,No,,,,
Day 71 | Apr 18 Sat | W11,2026-04-18,W11,Advanced + Project,,OS: Endsem — Nand2Tetris Theory Prep,Revise Jack modules. Viva answers.,No,DevOps: PROJECT BUILD — Load Testing,2hr: Locust 100 RPS test.,No,DL: Full transformer lab,No,ADM: Week review + cheat sheet,No,REVIEW: Re-solve 5 hardest DP-2D problems,No,SD: Mock interview practice,No,PROJECT: 2hr build — load testing,No,Networking: Portfolio site LIVE,No,No,,,,
Day 72 | Apr 19 Sun | W11,2026-04-19,W11,Advanced + Project,,OS: Deep Study — 50 MCQ Marathon,50 MCQs in 50 min. All topics.,No,DevOps: Mock Interview + Project Push,Practice + push.,No,DL: BERT/GPT architecture study,No,ADM: MST deep practice,No,HARD PRACTICE: Task Scheduler (Greedy + math formula),No,SD: CAP theorem scenarios,No,PROJECT: Push perf report,No,Networking: Apply 10 internships batch,No,No,,,,
Day 73 | Apr 20 Mon | W11,2026-04-20,W11,Advanced + Project,,OS: Endsem — 10-Mark Answers,Write 5 detailed answers with diagrams.,No,DevOps: Complete Pipeline — Build Stage,Lint + unit tests + Docker build.,No,DL: Decoder block implementation,No,ADM: Trees — Properties & Proofs,No,Jump Game I & II (Greedy + BFS-like min jumps),No,SD: Database design + indexing,No,Project: Locust load test script,No,Networking: Blog load test results,No,No,,,,
Day 74 | Apr 21 Tue | W11,2026-04-21,W11,Advanced + Project,,OS: Endsem — 10 More MCQs + Numericals,Mixed topic drill.,No,DevOps: Complete Pipeline — Test Stage,Integration + E2E tests. Coverage gate.,No,AML: XGBoost Deep Dive,No,ADM: Prims MST (3 problems with steps),No,Gas Station (Net gain single pass O(n)),No,SD: Caching (Redis) + CDN patterns,No,Project: Run 100 RPS test,No,Networking: LinkedIn portfolio post,No,No,,,,
Day 75 | Apr 22 Wed | W11,2026-04-22,W11,Advanced + Project,,OS: Formula Sheet Finalize,Final formula sheet. Confidence rating.,No,DevOps: Complete Pipeline — Deploy Stage,Push → deploy → health verify.,No,DL: Full Transformer architecture,No,ADM: Kruskals MST (same 3 + compare),No,Merge + Non-Overlapping Intervals (Sort + greedy),No,SD: Load balancing strategies,No,Project: Performance analysis report,No,Networking: Request 2 recommendations,No,No,,,,
Day 76 | Apr 23 Thu | W11,2026-04-23,W11,Advanced + Project,,OS: Mock Exam Under Conditions,Full 3-hour mock. Strict timing.,No,DevOps: Pipeline Optimization,"Caching, parallel, conditional stages.",No,AML: Stacking Ensemble,No,ADM: Tree Applications (Catalan numbers),No,Meeting Rooms I & II (Sort + heap for rooms),No,SD: CAP theorem + consistency models,No,Project: Add Redis caching,No,Networking: Engage in 10 discussions,No,No,,,,
Day 77 | Apr 24 Fri | W11,2026-04-24,W11,Advanced + Project,Elective Contest 2,OS: Final Error Fix,Fix every mock mistake. You are ready.,No,DevOps: Pipeline Runbook,Document. Failure runbook.,No,DL: Fine-tuning HuggingFace,No,ADM: Endsem Prep — Logic + Proofs drill,No,Greedy + Intervals review,No,SD: Full mock system design interview,No,Project: Re-test — show improvement,No,Networking: Apply 2 more internships,No,No,,,,
Day 78 | Apr 25 Sat | W12,2026-04-25,W12,Final Lock-in,,OS: Processes + Scheduling Final Rev,Complete revision day 1.,No,DevOps: PROJECT BUILD — Architecture Diagram,2hr: Professional diagram.,No,DL: Endsem revision lab,No,ADM: Endsem — Algebra + Counting,No,REVIEW: Re-solve 10 hardest from entire semester,No,Company prep: 20 problems solved,No,PROJECT: 2hr — professional diagram,No,Networking: Blog full ML pipeline,No,No,,,,
Day 79 | Apr 26 Sun | W12,2026-04-26,W12,Final Lock-in,,OS: Deep Study — Sync + Deadlocks Final,Complete revision day 2.,No,DevOps: Blog Draft + Demo Video,Write draft. Record 3-min demo.,No,DL: Past paper 1 practice,No,ADM: Endsem — Relations + Graphs,No,HARD PRACTICE: Word Search II (Trie + backtracking + pruning),No,Behavioral: STAR stories finalized,No,PROJECT: Blog + video,No,Networking: Apply 5 internships,No,No,,,,
Day 80 | Apr 27 Mon | W12,2026-04-27,W12,Final Lock-in,,OS: Memory + Files Final Rev,Complete revision day 3.,No,DevOps: Grafana + Prometheus Dashboards,Custom dashboards.,No,DL: Neural nets + backprop revision,No,ADM: Endsem Past Paper 1 (timed),No,Implement Trie (TrieNode insert/search/startsWith),No,Microsoft: Top 20 tagged problems,No,Project: Architecture diagram (pro),No,Networking: Resume final polish,No,No,,,,
Day 81 | Apr 28 Tue | W12,2026-04-28,W12,Final Lock-in,,OS: Nand2Tetris Final Rev,Complete revision day 4.,No,DevOps: Application Metrics,Latency P50/P95/P99 metrics.,No,AML: Endsem Time Series + SVM,No,ADM: Endsem Past Paper 2 (error analysis),No,Single Number + Counting Bits (XOR + Brian Kernighan),No,Google: Top 20 tagged problems,No,Project: Blog post draft on Medium,No,Networking: LinkedIn optimization,No,No,,,,
Day 82 | Apr 29 Wed | W12,2026-04-29,W12,Final Lock-in,,OS: Mock Under Exam Conditions,Full mock. Grade yourself.,No,DevOps: Loki Log Aggregation,Centralized logging.,No,DL: CNN + RNN revision,No,ADM: Proof Writing Drill (10 in 60 min),No,Reverse Bits + Number of 1 Bits (Bit fundamentals),No,Amazon: Leadership + DSA combined,No,Project: Demo video (3 min),No,Networking: Request 1 recommendation,No,No,,,,
Day 83 | Apr 30 Thu | W12,2026-04-30,W12,Final Lock-in,,OS: Last Error Fix,Fix everything. You know this material.,No,DevOps: Alerting + Security Scanning,Alerts. Trivy + Dependabot.,No,AML: Endsem Clustering + Bayesian,No,ADM: Endsem Past Paper 3,No,Missing Number + Sum Without Plus (XOR + bit addition),No,Behavioral: STAR method (5 stories),No,Project: README final polish,No,Networking: DM 5 hiring managers,No,No,,,,
Day 84 | May 01 Fri | W12,2026-05-01,W12,Final Lock-in,OS Contest 4,OS: Contest 4 Prep + Final Scan,Formula sheet scan. Stay calm.,No,DevOps: Final Polish + README,Everything clean and documented.,No,DL: Transformers revision,No,ADM: Contest 4 + Final Prep,No,Trie + Bits review,No,Company-specific: 20 more problems,No,Project: Portfolio page for project,No,Networking: Final internship push,No,No,,,,
Day 85 | May 02 Sat | W13,2026-05-02,W13,Final Lock-in,,OS: Light revision + formulas,Quick scan. No new topics.,No,DevOps: Capstone — Architecture Diagram Final,Professional quality.,No,DL: Formula revision,No,ADM: Final revision — Logic + Algebra,No,MOCK 1: Array + Tree + DP (3 in 60 min),No,Mock: Combined all-round,No,PROJECT: Final verification,No,Networking: Summary post — 91 days,No,No,,,,
Day 86 | May 03 Sun | W13,2026-05-03,W13,Final Lock-in,,OS: 30 MCQs + 3 numericals speed,Speed drill only.,No,DevOps: Capstone — Demo Video,Record walkthrough.,No,DL: Architecture diagrams,No,ADM: Final revision — Counting + Graphs,No,MOCK 2: Graph + Greedy + String (3 in 60 min),No,Mock: Final confidence drill,No,PROJECT: LinkedIn showcase,No,Networking: Final application round,No,No,,,,
Day 87 | May 04 Mon | W13,2026-05-04,W13,Final Lock-in,,OS: Formula memorization,One last scan.,No,DevOps: Capstone Documentation,Final README. API docs.,No,DL: Mock paper timed,No,ADM: 50 MCQ Marathon (50 min),No,MOCK 3: Microsoft pattern — Med/Med/Hard (90 min),No,Mock: DSA round (45 min timed),No,Project: Deployment health check,No,Networking: Thank-you post to network,No,No,,,,
Day 88 | May 05 Tue | W13,2026-05-05,W13,Final Lock-in,,OS: Exam-eve light review,Weak spots only. Sleep early.,No,DevOps: Capstone Presentation,Prepare slides.,No,AML: Mock paper timed,No,ADM: Formula sheet + confidence,No,MOCK 4: Google pattern — Med/Hard/Hard (90 min),No,Mock: System design round,No,Project: All docs current,No,Networking: DM 3 hiring managers,No,No,,,,
Day 89 | May 06 Wed | W13,2026-05-06,W13,Final Lock-in,,OS: Exam-eve confidence,You are ready. Trust yourself.,No,DevOps: Final Submission Check,Double-check everything.,No,DL: Weak topic blitz,No,ADM: Contest 4 prep — last year paper,No,FINAL: Revisit personal top 10 hardest problems,No,Mock: Behavioral round,No,Project: Video published,No,Networking: Final resume check,No,No,,,,
Day 90 | May 07 Thu | W13,2026-05-07,W13,Final Lock-in,,OS: Contest 4 or Exam,Execute with calm focus.,No,DevOps: Submit + LinkedIn Post,Submit. Share on LinkedIn.,No,AML: Final confidence check,No,ADM: CONTEST 4 EXECUTION,No,FINAL: Speed drill — 5 mediums in 50 min,No,Mock: Full combined (all 3 rounds),No,Project: LinkedIn post written,No,Networking: Celebrate your growth!,No,No,,,,
Day 91 | May 08 Fri | W13,2026-05-08,W13,Final Lock-in,ADM Contest 4,OS: Relax — done!,You did it.,No,DevOps: COMPLETE,Done!,No,DL: You are ready,No,ADM: DONE!,No,CELEBRATION: 180+ problems complete!,No,INTERVIEW READY!,No,PROJECT COMPLETE!,No,Networking: DONE — you made it!,No,No,,,,
